name,description,category,organization,country,location,notes_location,start_date,end_date,notes_duration,data_accessibility,accessibility_for_research,project_information_url,data_url
Erfgoed Gezocht 1,"The project consists of two stages. In the first stage, citizen examine elevation maps of the designated area where they identify possible locations for excavations. In the second stage, citizens can actually join and assist archeologists on their excavations. ",Archaeology,Leiden University and Erfgoed Gelderland,The Netherlands,Veluwe,,2019.0,2019,,No direct download,No,https://www.archeologieleeft.nl/archeosuccessen/erfgoed-gezocht/,-
Erfgoed Gezocht 2,"The project consists of two stages. In the first stage, citizen examine elevation maps of the designated area where they identify possible locations for excavations. In the second stage, citizens can actually join and assist archeologists on their excavations. ",Archaeology,Leiden University and Landschap Erfgoed Utrecht,The Netherlands,Utrechtse Heuvelrug,,2020.0,ongoing,,No direct download,No,https://www.universiteitleiden.nl/citizensciencelab/projecten/erfgoed-gezocht,-
Erfgoed Gezocht Junior,Children between the ages of 8 and 12 examine elevation maps of the designated area where they identify possible locations for excavations. ,Archaeology,Leiden University and Rijksdienst voor het Cultureel Erfgoed,The Netherlands,,,2020.0,ongoing,,No direct download,No,https://www.universiteitleiden.nl/nieuws/2020/04/erfgoed-gezocht-junior-kinderen-speuren-vanuit-huis-mee-met-archeologen,-
Grote Griep & Corona Meting,"Continuation of the Grote Griepmeting, now also including corona",Health,Stichting Citizen Science and Science in Action,"The Netherlands, Belgium",,,2021.0,recurring,,Viewable,Yes,https://www.griepencorona.nl/het-project/,https://www.griepencorona.nl/resultaten/
Zoönosenproject,"Citizens take blood samples, throat and cloacal swabs of bird species in order for researchers to be able to investigate how the spread of viruses can be prohibited. ",Health,"Sovon Vogelonderzoek Nederland, Vogeltrekstation and NIOO-KNAW",The Netherlands,,,2017.0,ongoing,Date of start uncertain,Probably viewable,Yes,https://www.jagersvereniging.nl/downloads/bestuurdersdocumenten/telprotocol-zomerganzentelling/,-
Ik heb last-app,Citizens indicate how much their airways bother them and what symptoms they experience to provide further insights into the causes (and aggrevation) of respiratory diseases.,Health,RIVM,The Netherlands,,,2015.0,ongoing,,No direct download ,No,https://www.rivm.nl/rivm/kennis-en-kunde/strategisch-programma-rivm/spr-2015-2018/integrale-risicobeoordeling/ik-heb-nu-last-app,-
MyCardio,"Citizens with cardiovascular diseases or citizens that are at risk of hart problems, report on their health to get more insights into the cause. ",Health,"Henk Duinkerken, Salut and Mijn Data Onze Gezondheid",The Netherlands,,,2019.0,ongoing,,No direct download,No,https://www.mycardio.nl/,-
Tekenradar,"Citizens report whether they or their child have a tick bite, tick bite fever, a red circular rash (Erythema Migrans) and/or Lyme disease, alongside their age.",Health,RIVM and Wageningen University & Research,The Netherlands,,,2012.0,ongoing,,Viewable,Yes,https://www.tekenradar.nl/,https://www.tekenradar.nl/
Grote Griep Meting,Citizens report when they or someone they know gets a cold or the flu. ,Health,"Kennislink, Natuurwetenschap&Techniek, NIBI, CWI, RIVM, de Digitale School, Kennisnet, Nijgh Versluys, NVON and NIVEL","The Netherlands, Belgium",,,2003.0,2017,,No direct download,No,https://www.nemokennislink.nl/publicaties/doe-mee-aan-de-grote-griepmeting/,-
Hooikoortsradar ,Citizens report how much they suffer from hayfever at the moment of reporting on a ten-point scale. ,Health,"FLORA, Buienradar, Elkerliek and Venta",The Netherlands,,,2009.0,ongoing,,Viewable,Yes,https://hooikoortsradar.nl/,https://hooikoortsradar.nl/
Aerosolen,High school students help calibrate the measures of a satellite by measuring the amount of aerosols in an area of the air.,Science,GLOBE Nederland and the KNMI,The Netherlands,,,2004.0,ongoing,,Viewable,Yes,https://globenederland.nl/onderzoeksproject/aerosolen/#info,https://www.globe.gov/globe-data/visualize-and-retrieve-data
SMAP: bodemvochtigheid,High school students measure the soil moisture to help NASA calibrate its satellite that attempts to estimate this from a distance. ,Science,GLOBE Nederand,The Netherlands,,Also Worldwide,2011.0,ongoing,,Viewable,Yes,https://globenederland.nl/onderzoeksproject/smap/#info,https://www.globe.gov/globe-data/visualize-and-retrieve-data
CREDO,Citizens help detect glowing pixels with the cameras of their phones to test one of the theories of what dark matter could be. ,Science,Institute for Nuclear Physics Polish Academy of Sciences,Worldwide,,,2019.0,ongoing,,No direct download,No,https://www.iedereenwetenschapper.be/projects/download-je-eigen-deeltjesdetector,-
Verdwaald in de Nacht,Citizens match photos made of places on the Earth in the night from space with the correct location. ,Science,Cities At Night (collaboration between ESA and NASA),Worldwide,,,2014.0,ongoing,,No direct download,No,https://www.iedereenwetenschapper.be/projects/bekijk-de-aarde-vanuit-de-ruimte,-
WeSense,"Citizens fill out short surveys about their perception of their current surroundings and wellbeing, who they are with, where they are, and what they are doing. ",Society,TU Delft,The Netherlands,Amsterdam,Pilot,2019.0,ongoing,,Viewable,Yes,http://www.wesense.info/en/index.html,http://www.wesense.info/en/maps.html
Zicht op Licht,Citizens report with the help of an app how dark it is in their surroundings and how much trouble they experience in their sight. ,Society,UMC Grongingen and Weekend van de Wetenschap,The Netherlands,,,2015.0,2018,,No direct download,No,https://ronaldbierings.com/over-zicht-op-licht/,-
CurioUs?,"Citizens can go up to  the CurioUs lab to borrow measuring equipment and receive tips on how to use it. Moreover, the lab encourages the citizens to partake in different citizen science projects. For instance, the first project they took on was Onze Lucht (also on this list). ",Society,"Science LinX, Forum Groningen and the Aletta Jacobs School of Public Health",The Netherlands,Groningen,,2020.0,ongoing,,No direct download,No,https://www.rug.nl/sciencelinx/maatschappij/curious,-
Personagebank,Citizens answer questions on the characters in the book they last read. ,Society,Utrecht University,The Netherlands,,,2016.0,2019,Possibly still ongoing,Viewable,Yes,http://personagebank.nl/,http://personagebank.nl/resultaten/
Shift-Diets,Citizens take part in the study of the RIVM to investigate what measures motivate young adults to change their diet. ,Society,RIVM,The Netherlands,,,2020.0,ongoing,,No direct download,No,https://www.rivm.nl/burgerwetenschap/shift-diets,-
Hooked!,Citizens listen to fragments of songs from the Top 2000 and click a button when they remember what song is played. ,Society,"University of Amsterdam, Meertens Institute, Sound & Vision, and Utrecht University",The Netherlands,,,2017.0,2017,,No direct download,No,https://www.iedereenwetenschapper.be/projects/hoe-snel-herken-jij-een-liedje,-
Kijk! Een gezonde wijk,Citizens install an app to report on opportunities to sport and play in their neighborhood,Society,"Hogeschool van Amsterdam, RIVM, Gemeente Amsterdam Nieuw-West, Huis van de Wijk, EigenWijks, GGD Amsterdam",The Netherlands,Slotermeer,,2017.0,2017,,No direct download,No,http://www.kijkeengezondewijk.nl/#/info,-
Straatpoëzie,"Citizens report streetpoetry, poetry that is placed out in the open and can be read by anyone. ",Society,Utrecht University and the Nederlandse Organisatie voor Wetenschappelijk Onderzoek (NWO),The Netherlands,,,2017.0,ongoing,,Viewable,Yes,https://straatpoezie.nl/,https://straatpoezie.nl/
Alle Scholen Verzamelen,Elementary school children partake in science projects and help gather data for research.,Society,University of Twente together with the other science hubs in the country,The Netherlands,,,2019.0,ongoing,,No direct download,No,https://www.wetenschapsknooppunten.nl/alle-scholen-verzamelen/citizen-science/,-
Zie Ik Spoken?,"Citizens first complete an extensive questionnaire about who they are, what their sleeping habits are and whether they sometimes feel like seeing, hearing, feeling or smelling things that are not there. Then they play a game where they have to press a certain key when they see a specific item of clothing or hear a specific word in a movie. Finally, they receive a few questions about substance use (drugs and alcohol) and the project concludes with a hearing test.",Society,UMC Utrecht,The Netherlands,,,2016.0,2016,,No direct download,No,https://www.nemokennislink.nl/publicaties/zie-ik-spoken/,-
Stemmen – Gronings (Nedersaksisch),Citizens record themselves saying different words and take a quiz to determine what dialect they speak. ,Society,"Stichting Huis van de Groninger Cultuur, University of Grongingen and L√¢n fan Taal",The Netherlands,,,2019.0,ongoing,,No direct download,No,https://woordwaark.nl/stemmen/,-
Stimmen,Citizens record themselves saying different words and take a quiz to determine what dialect they speak. ,Society,University of Groningen and L√¢n fan Taal,The Netherlands,Friseland,,2017.0,ongoing,,Viewable,Yes,http://stimmen.nl/,http://stimmen.nl/uitspraakkaarten/
Nationale PlasticWatch,"Citizens report litter to help Rijkswaterstaat gain insights on the origin, transport and distribution of litter.",Cities,"WaterLab (TU Delft), Rijkswaterstaat, Hogeschool Rotterdam and HZ University of Applied Sciences",The Netherlands,,,2020.0,ongoing,,No direct download,No,https://www.tudelft.nl/scd/waterlab/doe-mee-aan-onderzoek/project-6-nationale-plasticwatch,-
Het Nieuwe Strepen,"Special form of ‚ÄúKilometerhokken Inventariseren‚Äù. It works similar to that project, but now the area is searched by two citizens, independent from each other. ",Uncategorized,FLORON,The Netherlands,,,2012.0,ongoing,,Viewable,Yes,https://www.floron.nl/meedoen/het-nieuwe-strepen ,https://www.ndff.nl/overdendff/data/
Opgemaakt samengevat en ingeklopt: notari√´le akten in Brabant 1743 - 1935,Citizens transcribe notary deeds from notaries from Brabant between 1743 and 1935. ,History,Brabants Historisch Informatie Centrum,The Netherlands,,,2015.0,ongoing,,Probably viewable once finished,No,https://velehanden.nl/projecten/bekijk/details/page/2/project/bhic_repnot,-
In dienst van het Hof (1814 - 1940),Citizens digitalize genealogical registers of the staff from King Willem I up until Queen Wilhelmina.,History,Koninklijk Huisarchief,The Netherlands,,,2017.0,2017,,Viewable,Yes,https://velehanden.nl/projecten/bekijk/details/status/closed/page/2/project/kha,https://www.wiewaswie.nl/
Hallo Midden-Holland! De bevolkingsregisters van Midden-Holland ,Citizens help index scans of population registers from Midden-Holland between 1825 and 1930.,History,Streekarchief Midden-Holland,The Netherlands,,,2019.0,ongoing,,Probably viewable once finished,No,https://velehanden.nl/projecten/bekijk/details/project/sahm_index_bevolkingsregisters,-
WieWasWie - Bevolkingsregisters,"Citizens help index scans of population registers from Breda, Rotterdam and Maastricht between 1850 and 1938.",History,"Stadsarchief Breda, Stadsarchief Rotterdam and Regionaal Historisch Centrum Limburg (RHCL)",The Netherlands,,,2014.0,ongoing,,Probably viewable once finished,No,https://velehanden.nl/projecten/bekijk/details/page/2/project/wiewaswie_bvr,-
Wonen op Walcheren vervolg Bevolkingsregisters 1812 - 1900,Citizens help index scans of population registers from Zeeland between 1812 and 1900.,History,Zeeuws Archief,The Netherlands,,,2015.0,2018,,Viewable,Yes,https://velehanden.nl/projecten/bekijk/details/status/closed/page/1/project/picvh_zar,https://www.zeeuwsarchief.nl/zeeuwen-gezocht/
Tags en uitleg,Citizens describe photos in the archives of the Maria Austria Instituut.,History,Maria Austria Instituut,The Netherlands,,,2013.0,ongoing,,Probably viewable once finished,No,https://velehanden.nl/projecten/bekijk/details/page/2/project/mai_tagging,-
Met Oprechte Deelneming,Citizens help index scans of death certificates from Gelderland between 1951 and 1960. ,History,Gelders Archief,The Netherlands,,,2017.0,2017,,Probably viewable,Unsure,https://velehanden.nl/projecten/bekijk/details/page/2/status/closed/project/gda_2,-
Gezocht! Inkloppers van Brabantse gevangenisregisters 1821 - 1940,Citizens help digitalize the registration files from prisons in Brabant from the period from 1821 up until 1940.,History,Brabants Historisch Informatie Centrum,The Netherlands,,,2014.0,2015,,Viewable,Yes,https://velehanden.nl/projecten/bekijk/details/status/closed/page/3/project/bhic_strafgevangenissen,http://www.bhic.nl/onderzoeken/hulp-bij-onderzoek/gevangenisarchieven
Van de kaart: georefereren van historische kaarten van Stadsarchief Amsterdam,Citizens do georeferencing by placing old maps of Amsterdam over existing ones to determine their placement. ,History,Stadsarchief Amsterdam,The Netherlands,,,2016.0,2019,,Viewable,Yes,https://velehanden.nl/projecten/bekijk/details/status/closed/page/1/project/amsterdam_kaarten,https://archief.amsterdam/inventarissen/details/10035
Toen-en-nu: Zet Noordwest-Holland op de kaart,Citizens do georeferencing by placing old maps of Noordwest-Holland over existing ones to determine their placement. ,History,Regionaal Archief Alkmaar,The Netherlands,,,2018.0,2018,,Viewable,Yes,https://velehanden.nl/projecten/bekijk/details/status/closed/page/1/project/raa,https://www.regionaalarchiefalkmaar.nl/collecties/beelden/beelden-2/?q=kaarten&mode=gallery&view=horizontal
Het beeld van Groningen: Persfotobureau D. van der Veen,Citizens describe photos of Persfotobureau D. van der Veen from the sixties and seventies of the 20th century. ,History,Groninger Archieven,The Netherlands,,,2018.0,ongoing,,Probably viewable once finished,No,https://velehanden.nl/projecten/bekijk/details/project/gra_tagging_vanderveen,-
Oudste bevolkingsregisters van Nijmegen (1820 - 1850),Citizens help index scans of population registers from Nijmegen between 1820 and 1850.,History,Regionaal Archief Nijmegen,The Netherlands,,,2015.0,2016,,Viewable,Yes,https://velehanden.nl/projecten/bekijk/details/status/closed/page/2/project/picvh_han_nijmegen,https://studiezaal.nijmegen.nl/zoeken.php
Westfriezen Geregistreerd,Citizens help index scans of population registers from West Friesland betweeen 1840 and 1930.,History,Westfries Archief,The Netherlands,,,2017.0,2018,,Viewable,Yes,https://velehanden.nl/projecten/bekijk/details/status/closed/page/1/project/wfg_index,https://www.westfriesarchief.nl/onderzoek/zoeken/personen
Surinaamse slavenregisters 1830 - 1863,Citizens index scans of slave registers of plantations in Suriname between 1830 and 1863.,History,Radboud University and Anton de Kom Universiteit Suriname,The Netherlands,,,2017.0,ongoing,,Probably viewable once finished,No,https://velehanden.nl/projecten/bekijk/details/page/2/project/run_slavenregisters,-
Er zit muziek in de crowd,Citizens help digitalize music written for radio or television from 1930 to 1980. ,History,Stichting Omroep Muziek,The Netherlands,,,2019.0,2019,,Viewable,Yes,https://velehanden.nl/projecten/bekijk/details/status/closed/page/1/project/som_index,https://www.muziekschatten.nl/omroepmuziek#eyJ0eXBlIjoibGlzdCIsImF2YWlsYWJpbGl0eSI6W10sImNvbXBvc2VyIjpbXSwiY2F0ZWdvcnkiOltdLCJnZW5yZSI6W10sImNvbGxlY3Rpb24iOltdLCJpbnN0cnVtZW50IjpbXSwiZmFjZXRzIjp7ImF2YWlsYWJpbGl0eSI6eyJ0ZXJtcyI6eyJmaWVsZCI6ImF2YWlsYWJpbGl0eSIsInNpemUiOjEwMH19LCJjb21wb3NlciI6eyJ0ZXJtcyI6eyJmaWVsZCI6ImNvbXBvc2VyIiwic2l6ZSI6MTAwfX0sImNhdGVnb3J5Ijp7InRlcm1zIjp7ImZpZWxkIjoiY2F0ZWdvcnkiLCJzaXplIjoxMDB9fSwiZ2VucmUiOnsidGVybXMiOnsiZmllbGQiOiJnZW5yZSIsInNpemUiOjEwMH19LCJjb2xsZWN0aW9uIjp7InRlcm1zIjp7ImZpZWxkIjoiY29sbGVjdGlvbiIsInNpemUiOjEwMH19LCJ1bmRlZmluZWQiOnsidGVybXMiOnt9fX19
Thuis in Terneuzen,"Citizens help index scans of population registers from Terneuzen, Axel and Sas van Gent between 1812 and 1900.",History,Zeeuws Archief,The Netherlands,,,2018.0,2020,,Viewable,Yes,https://velehanden.nl/projecten/bekijk/details/status/closed/page/1/project/picvh_zar_index_terneuzenaxel,https://www.zeeuwsarchief.nl/onderzoek-het-zelf/
Diamantbewerkers Amsterdam,Citizens help index membership registers from the union for diamond workers from 1894 on up.,History,Internationaal Instituut voor Sociale Geschiedenis,The Netherlands,,,2018.0,2019,,Viewable,Yes,https://velehanden.nl/projecten/bekijk/details/status/closed/page/1/project/mbi,https://search.iisg.amsterdam/Record/ARCH00210
Tot uw Dienst!,Citizens help index retirement cards from people that have worked for the municipality of Amsterdam.,History,Stadsarchief Amsterdam,The Netherlands,,,2015.0,2016,,Viewable,Yes,https://velehanden.nl/projecten/bekijk/details/status/closed/page/2/project/amsterdam_pensioen,https://archief.amsterdam/uitleg/indexen/41-pensioenkaarten-1894-1915?utm_source=OpenArchieven&utm_medium=browser&utm_campaign=OpenData
Officiersboekjes Nationaal Militair Museum 1811 - 1940,Citizens help transcribe books of officers in service between 1811 and 1940. ,History,Nationaal Militair Museum ,The Netherlands,,,2013.0,ongoing,,Probably viewable once finished,No,https://velehanden.nl/projecten/bekijk/details/page/2/project/legermuseum,-
Bevolkingsregisters Amsterdam 1853 - 1863,Citizens help index scans of population registers from Amsterdam between 1853 and 1863.,History,Stadsarchief Amsterdam,The Netherlands,,,2015.0,2017,,Viewable,Yes,https://velehanden.nl/projecten/bekijk/details/status/closed/page/2/project/amsterdam_13442,https://archief.amsterdam/indexen/persons
Compareerden voor mij,Citizens transcribe notary deeds from notaries from Westfriesland between 1843 and 1915. ,History,Westfries Archief,The Netherlands,,,2019.0,ongoing,,Probably viewable once finished,No,https://velehanden.nl/projecten/bekijk/details/project/wfg_transcription_notarieel,-
Amsterdamse Doodsoorzaken 1854 – 1940,Citizens register the information on scans of cards regarding cause of death in Amsterdam betweeen 1854 and 1940.,History,Radboud University,The Netherlands,,,2016.0,2020,,No direct download,No,https://velehanden.nl/projecten/bekijk/details/status/closed/page/1/project/picvh_run,-
Geef de Belgische vluchtelingen in Gouda een naam,Citizens help index scans of registers containing the information of refugees from Belgium that came to Gouda during WWI.,History,Streekarchief Midden-Holland,The Netherlands,,,2018.0,2018,,Viewable,Yes,https://velehanden.nl/projecten/bekijk/details/status/closed/page/1/project/sahm_indexing_persons,https://www.samh.nl/
Nieuws! Lokale kronieken - 1500 - 1850,Citizens transcribe local chronicles made available by the Koninklijke Bibliotheek.,History,Leiden University and VU Amsterdam,The Netherlands,,,2019.0,ongoing,,Probably viewable once finished,No,https://velehanden.nl/projecten/bekijk/details/project/vua_train_kronieken_transkribus,-
Duik in historisch Amsterdam,Citizens describe photos of monuments in Amsterdam so they can be digitalized. ,History,Stadsarchief Amsterdam and Monumenten en Archeologie (MA),The Netherlands,,,2014.0,2017,,No direct download,No,https://www.iedereenwetenschapper.be/projects/duik-historisch-amsterdam,-
Waarvan Akte!,Citizens transcribe notary deeds from notaries from the Rivierengebied between 1811 and 1935. ,History,Regionaal Archief Rivierenland,The Netherlands,,,2020.0,ongoing,,Probably viewable once finished,No,https://velehanden.nl/projecten/bekijk/details/project/rar_index_repertoria,-
Extra serie Amersfoortse bevolkingsregisters online,Citizens help index scans of population registers from Amersfoort between 1860 and 1915.,History,Archief Eemland,The Netherlands,,,2017.0,2019,,Viewable,Yes,https://velehanden.nl/projecten/bekijk/details/status/closed/page/1/project/gam_gezinskaarten,https://www.archiefeemland.nl/
Bevolkingsregisters Amsterdam 1864 - 1874,Citizens help index scans of population registers from Amsterdam between 1864 and 1874.,History,Stadsarchief Amsterdam,The Netherlands,,,2018.0,2020,,Viewable,Yes,https://velehanden.nl/projecten/bekijk/details/status/closed/page/1/project/amsterdam_index_bvr3,"https://archief.amsterdam/indexen/persons?f=%7B%22search_i_datum%22:%7B%22v%22:%5B%2218640000%22,%2218749999%22%5D,%22d%22:%221864%20-%201874%22%7D%7D"
Fotografisch Geheugen: de reportages van Fotopersbureau De Boer,Citizens link the photos on a camera roll sorted by subject to the descriptions provided by the photographers that made the photos. ,History,Noord-Hollands Archief,The Netherlands,,,2020.0,ongoing,,Viewable,Yes,https://velehanden.nl/projecten/bekijk/details/project/ranh_tagselection_deboer,https://noord-hollandsarchief.nl/beelden/beeldbank/?fq%5B%5D=search_s_afbeelding:%22Ja%22&mode=gallery&view=horizontal&sort=random%7B1612191303970%7D%20asc
Alumni KABK,Citizens help digitalize scans of cards containing the alumni and teachers of the KABK. ,History,Koninklijke Academie van Beeldende Kunsten,The Netherlands,,,2012.0,2013,,Viewable,Yes,https://velehanden.nl/projecten/bekijk/details/status/closed/page/3/project/kabk,https://www.kabk.nl/alumni/bachelor-beeldende-kunst
Meertens-vragenlijsten Taal en Cultuur (1931 - 2005),Citizens retype written answers to surveys. ,History,Meertens Instituut,The Netherlands,,,2018.0,ongoing,,Probably viewable once finished,No,https://velehanden.nl/projecten/bekijk/details/page/2/project/mei,-
Bevolkingsregisters Amsterdam 1874 - 1893 ,Citizens help index scans of population registers from Amsterdam between 1874 and 1893.,History,Stadsarchief Amsterdam,The Netherlands,,,2012.0,2016,,Viewable,Yes,https://velehanden.nl/projecten/bekijk/details/status/closed/page/2/project/amsterdam_bvr,"https://archief.amsterdam/indexen/persons?f=%7B%22search_i_datum%22:%7B%22v%22:%5B%2218740000%22,%2218939999%22%5D,%22d%22:%221874%20-%201893%22%7D%7D"
Maak geschiedenis: Zet Groningen op de kaart,Citizens do georeferencing by placing old maps of Groningen over existing ones to determine their placement. ,History,De Groninger Archieven ,The Netherlands,,,2017.0,2019,,Viewable,Yes,https://velehanden.nl/projecten/bekijk/details/status/closed/page/1/project/gra_kaarten,https://www.beeldbankgroningen.nl/beelden/?mode=gallery&view=horizontal&sort=random%7B1541835054895%7D%20asc&page=1&fq%5B%5D=search_t_gegeorefereerd:%22ja%22&reverse=0&filterAction
Notaris van toen zoekt transcribent van nu,Citizens transcribe notary deeds from 19th and 20th century notaries from Tilburg. ,History,Regionaal Archief Tilbrug,The Netherlands,,,2017.0,ongoing,,Probably viewable once finished,No,https://velehanden.nl/projecten/bekijk/details/page/2/project/tlb_index,-
Volgende Patiënt!,Citizens help index patient registers from hospitals in Amsterdam between 1818 and 1899. ,History,Stadsarchief Amsterdam,The Netherlands,,,2014.0,2016,,Viewable,Yes,https://velehanden.nl/projecten/bekijk/details/status/closed/page/2/project/amsterdam_patient,https://archief.amsterdam/uitleg/indexen/42-patientenregisters-1818-1899?utm_source=OpenArchieven&utm_medium=browser&utm_campaign=OpenData
Ja -  ik wil!,Citizens help digitalize registered banns from Amsterdam between 1602 and 1811. ,History,Utrecht University,The Netherlands,,,2014.0,2016,,Probably viewable,Unsure,https://velehanden.nl/projecten/bekijk/details/project/ja_ik_wil,-
Verlos Gelderse Geboorteakten,Citizens help index birth certificates from Gelderland between 1819 and 1912. ,History,Gelders Archief,The Netherlands,,,2015.0,2016,,Viewable,Yes,https://velehanden.nl/projecten/bekijk/details/status/closed/page/2/project/gda,https://www.geldersarchief.nl/bronnen/archieven/?mivast=37&miadt=37&mizig=128&miview=tbl&milang=nl&micols=1&misort=last_mod%7Cdesc&mib1=113
Holland Amerika Lijn Passagierslijsten,Citizens help index scans of repatriation lists of the people that were emigrated using the Holland Amerika Lijn between 1900 and 1969.,History,Stadsarchief Rotterdam,The Netherlands,,,2018.0,ongoing,,Probably viewable once finished,No,https://velehanden.nl/projecten/bekijk/details/project/cbg_index_hal,-
Captions for Cas,Citizens caption photos made by Cas Oorthuys between 1935 and 1975. ,History,Nederlands Fotomuseum,The Netherlands,,,2018.0,ongoing,,Probably viewable once finished,No,https://velehanden.nl/projecten/bekijk/details/page/2/project/nfm_tagging_photos,-
80.000 minuten,Citizens transcribe notary deeds from notaries from Leiden between 1564 and 1811. ,History,Regionaal Archief Leiden,The Netherlands,,,2014.0,ongoing,,Probably viewable once finished,No,https://velehanden.nl/projecten/bekijk/details/page/2/project/leiden_na1,-
Militieregisters 1814 - 1941,Citizens help index scans of the people that once were registered with the military from the period from 1814 up until 1941.,History,"Archief Delft, Archief Eemland, Historisch Informatie Centrum,  Gemeentearchief Barneveld, Gemeentearchief Ede, Gemeentearchief Waalwijk, Het Markiezenhof, Het Utrechts Archief, Noord-Hollands Archief, Regionaal Archief Nijmegen, Regionaal Archief Zutphen, Stadsarchief ‚Äôs-Hertogenbosch, Stadsarchief Amsterdam, Streekarchief Land van Heusden en Altena, Streekarchief Voorne-Putten en Rozenburg and Tresoar (Friesland)",The Netherlands,,,2011.0,2014,,Viewable,Yes,https://velehanden.nl/projecten/bekijk/details/status/closed/page/3/project/militieregisters,https://www.openarch.nl/indexen/9/militieregisters?lang=nl
Het Vrije Volk,Citizens describe photos that have appeared in the paper Het Vrije Volk.,History,Stadsarchief Amsterdam,The Netherlands,,,2017.0,2019,,Viewable,Yes,https://velehanden.nl/projecten/bekijk/details/status/closed/page/1/project/amsterdam_vrije_volk,https://archief.amsterdam/beeldbank/?mode=gallery&view=horizontal&q=het%20vrije%20volk&page=1&reverse=0
Wittebroodsweken,Citizens help index scans of marriage certificates from Gelderland between 1923 and 1942. ,History,Gelders Archief,The Netherlands,,,2019.0,ongoing,,Probably viewable once finished,No,https://velehanden.nl/projecten/bekijk/details/project/gda_index_huwelijk,-
Bredase notarissen 1843 - 1905,Citizens help index archives of notaries located in Breda from 1843 to 1905. ,History,Stadsarchief Breda,The Netherlands,,,2020.0,ongoing,,Viewable once finished ,No,https://velehanden.nl/projecten/bekijk/details/project/brd_index_repertoria,https://www.wiewaswie.nl/
AlleFriezen - Bevolkingsregisters,Citizens help index scans of population registers from Friesland between 1850 and 1939.,History,AlleFriezen,The Netherlands,,,2013.0,ongoing,,Probably viewable once finished,No,https://velehanden.nl/projecten/bekijk/details/page/2/project/frl,-
Glashelder!,"Citizens help index the old labels on microscopic glass preparations containing mites, springtails and other small organisms in the collection of Naturalis. ",History,Naturalis Biodiversity Center,The Netherlands,,,2013.0,2014,,Viewable,Yes,https://velehanden.nl/projecten/bekijk/details/status/closed/page/3/project/nat_nbc,https://www.naturalis.nl/collectie
Geboeid door boeven! Inschrijfboeken van Brabantse Huizen van Bewaring 19e eeuw,Citizens help digitalize the registration files from prisons in Brabant in the 19th century. ,History,Brabants Historisch Informatie Centrum,The Netherlands,,,2015.0,2017,,Probably viewable,Unsure,https://velehanden.nl/projecten/bekijk/details/page/2/status/closed/project/bhic_strafgevangenissen_2,-
Goetgevonden! Besluiten van de Staten-Generaal (1576 - 1796),Citizens help transcribe the resolutions adopted by the Staten-Generaal between 1576 and 1796.,History,Huygens ING,The Netherlands,,,2020.0,ongoing,,Probably viewable once finished,No,https://velehanden.nl/projecten/bekijk/details/project/huy_correct_resoluties_transkribus,-
Regionaal Archief Nijmegen - Bevolkingsregisters 1850 - 1890,Citizens help index scans of population registers from Nijmegen between 1850 and 1890.,History,Regionaal Archief Nijmegen,The Netherlands,,,2013.0,2014,,Viewable,Yes,https://velehanden.nl/projecten/bekijk/details/status/closed/page/3/project/nijmegen_bvr,https://studiezaal.nijmegen.nl/zoeken.php?zoeken[beschrijvingsgroepen][2145654597]=2145654597
Goed geregeld! Brabanders in het Bosch' Protocol 1501 - 1793,"Citizens help transcribe scans of the Bosch' Protocol by name, location and event. ",History,Erfgoed 's-Hertogenbosch,The Netherlands,,,2016.0,ongoing,,Probably viewable once finished,No,https://velehanden.nl/projecten/bekijk/details/page/2/project/picvh_bhic_bevolkingsregister,-
Crowd leert computer lezen,Citizens help train an AI to read old notary deeds by correcting the transcription made by the computer. ,History,Stadsarchief Amsterdam,The Netherlands,,,2019.0,ongoing,,Probably viewable once finished,No,https://velehanden.nl/projecten/bekijk/details/project/amsterdam_correct_notarieel_transkribus,-
Hagenaars en Hagenezen - Bevolkingsregister Den Haag 1913 – 1939,Citizens describe cards with photos of families that lived in Den Haag between 1913 and 1939. ,History,Haags Gemeentearchief,The Netherlands,,,2020.0,ongoing,,Probably viewable once finished,No,https://velehanden.nl/projecten/bekijk/details/project/hga_index_gezinskaarten,-
Vreemdelingenkaarten,Citizens register the information on scans of cards from Amsterdam between 1920 and 1970. ,History,Stadsarchief Amsterdam,The Netherlands,,,2021.0,ongoing,,Probably once finished,Unsure,https://velehanden.nl/projecten/bekijk/details/project/amsterdam_index_vreemdelingenkaarten,https://archief.amsterdam/indexen/persons
Bevolkingsregisters gemeentearchief Steenwijkerland 1826 - 1939,Citizens help index scans of population registers from Steenwijkerland between 1826 and 1939.,History,Gemeentearchief Steenwijkerland,The Netherlands,,,2015.0,2016,,Viewable,Yes,https://velehanden.nl/projecten/bekijk/details/status/closed/page/2/project/swl_bvr,https://www.archieven.nl/mi/1648/?mivast=1648&mizig=0&miadt=1648&miview=lst&mizk_alle=trefwoord:Bevolkingsregistratiehttps://www.archieven.nl/mi/1648/?mivast=1648&mizig=0&miadt=1648&miview=lst&mizk_alle=trefwoord:Bevolkingsregistratie
Bevolkingsregisters Noord-Hollands Archief,"Citizens help index scans of population registers from Kennemerland, and Amstel- and Meerlanden from 19th and 20th century.",History,Noord-Hollands Archief,The Netherlands,,,2017.0,ongoing,,Probably viewable once finished,No,https://velehanden.nl/projecten/bekijk/details/page/2/project/ranh_index,-
Dijken van Polders,Citizens add unto the already existing description of photos with events and people depicted on them. ,History,Flevolands Archief,The Netherlands,,,2020.0,ongoing,,Probably viewable once finished,No,https://velehanden.nl/projecten/bekijk/details/project/hfl_tagging_rijpcollectie,-
Overgenomen Delen 1892-1920,Citizens help index the data from scans on people that have died or left Amsterdam from 1892 up until 1920. ,History,Stadsarchief Amsterdam,The Netherlands,,,2012.0,2015,,Viewable,Yes,https://velehanden.nl/projecten/bekijk/details/status/closed/page/3/project/amsterdam_ogd,https://archief.amsterdam/uitleg/indexen/65-bevolkingsregister-overgenomen-delen-1892-1920?utm_source=OpenArchieven&utm_medium=browser&utm_campaign=OpenData
Nieuws 2.0! Lokale kronieken -  1500 - 1850,Citizens help annotate transcribed Dutch chronicles. ,History,Leiden University and VU Amsterdam,The Netherlands,,,2020.0,ongoing,,Probably viewable once finished,No,https://velehanden.nl/projecten/bekijk/details/project/vua_annoteer_kronieken_transkribus,-
Vele Voeten,Citizens help digitalize participant registers of the Nijmegen Four Days Marches in a public project (regarding the participants between 1921 and 1939) and a closed project (regarding the participants between 1941 and 1987). ,History,Regionaal Archief Nijmegen,The Netherlands,,,2015.0,2016,,Viewable,Yes,https://velehanden.nl/projecten/bekijk/details/status/closed/page/2/project/picvh_han,https://www.huisvandenijmeegsegeschiedenis.nl/info/Deelnemersregistratie_Vierdaagse
Familie van je?,"Citizens help index scans with data of the people that have lived between 1822 and 1859 in Veenhuizen, on the Ommerschans and in the colonies Frederiksoord, Wilhelminaoord and Willemsoord.",History,Drents Archief,The Netherlands,,,2018.0,2019,,Viewable,Yes,https://velehanden.nl/projecten/bekijk/details/status/closed/page/1/project/dre_index_inschrijvingsregisters,https://www.drentsarchief.nl/onderzoeken/zoektips/stamboomonderzoek
Utrechtse notariële akten (1780 - 1811),Citizens transcribe notary deeds from notaries from Utrecht between 1780 and 1811. ,History,Gemeentearchief Utrecht,The Netherlands,,,2019.0,ongoing,,Probably viewable once finished,No,https://velehanden.nl/projecten/bekijk/details/project/utrecht_transcription_notarieel,-
Bevolkingsregisters Deventer 1811 - 1940,"Citizens help index scans of population registers of the population of Deventer between 1829 and 1940, of Diepenveen between 1840 and 1939, and of Bathmen between 1811 and 1937.",History,Stadsarchief en Athenaeumbibliotheek (SAB) Deventer,The Netherlands,,,2013.0,2013,,Viewable,Yes,https://velehanden.nl/projecten/bekijk/details/status/closed/page/3/project/sad,https://www.archieven.nl/nl/zoeken?mivast=0&mizig=0&miadt=0&milang=nl&misort=score%7Cdesc&mizk_alle=deventer&mif3=2&miview=lst
Bevolkingsregisters stad Utrecht (1850 - 1889),Citizens help index scans of population registers from Utrecht between 1850 and 1889.,History,Utrechts Archief,The Netherlands,,,2020.0,ongoing,,Probably viewable once finished,No,https://velehanden.nl/projecten/bekijk/details/project/utr_index_bvr_1850_1889,-
Zaanse Verpondingsregisters e.a.,Citizens enter in the names of landowners in Zaanstad from scans. ,History,Gemeentearchief Zaanstad,The Netherlands,,,2019.0,ongoing,,Probably viewable once finished,No,https://velehanden.nl/projecten/bekijk/details/project/zaa_index_gaarder,-
Oude Krantenproject,Citizens register the information on scans of the newspapers from the 17th century.,History,Radboud University and the Meertens Instituut,The Netherlands,,,,,,No direct download,No,https://www.iedereenwetenschapper.be/projects/reis-terug-de-tijd,-
Vele Ajacieden 2.0,Citizens describe photos in the archive of Ajax.,History,Ajax Archief,The Netherlands,,,2019.0,ongoing,,Probably viewable once finished,No,https://velehanden.nl/projecten/bekijk/details/project/afc_tagging_2,-
Zaanse briefhoofden,Citizens describe the information in letterheads of old letters from the 19th and 20th century from companies in the Zaanstreek. ,History,Gemeente Zaanstad and Gemeente Oostzaan,The Netherlands,,,2019.0,2020,,No direct download,No,https://velehanden.nl/projecten/bekijk/details/status/closed/page/1/project/zaa_index_bron,-
Buitenlui: Geannexeerde gemeenten Amsterdam,Citizens help index scans of population registers from municapalities that were annexed to Amsterdam between 1830 and 1921.,History,Stadsarchief Amsterdam,The Netherlands,,,2017.0,2019,,Viewable,Yes,https://velehanden.nl/projecten/bekijk/details/status/closed/page/1/project/amsterdam_annex_gem,https://archief.amsterdam/uitleg/indexen/67-bevolkingsregister-geannexeerde-gemeenten-1830-1921
HISGIS Nederlandse steden 1832,"Citizens help index scans of the old parcel registers of Limburg, Noord-Brabant, Noord-Holland and Zuid-Holland. ",History,Fryske Akademy and HISGIS Nederlands,The Netherlands,,,2015.0,ongoing,,Probably viewable once finished,No,https://velehanden.nl/projecten/bekijk/details/page/2/project/fak_noat,-
Kijk Je Rijk(er)!,Citizens help describe digitalize film fragments of Omroep Amersfoort between 1985 and 2011. ,History,Archief Eemland,The Netherlands,,,2015.0,2017,,Viewable,Yes,https://velehanden.nl/projecten/bekijk/details/page/2/status/closed/project/gam2,https://www.archiefeemland.nl/
Bevolkingsregisters stad Utrecht (1900 - 1912),Citizens help index scans of population registers from Utrecht between 1900 and 1912.,History,Utrechts Archief,The Netherlands,,,2015.0,2017,,Probably viewable,Unsure,https://velehanden.nl/projecten/bekijk/details/page/2/status/closed/project/utr_bvr,-
Dagboeken Caspar Reuvens,Citizens transcribe the diaries of Caspar Reuvens.,History,Gemeente Leidschendam-Voorburg,The Netherlands,,,2020.0,2020,,No direct download,No,https://velehanden.nl/projecten/bekijk/details/status/closed/page/1/project/glv_reuvens_transkribus,-
Historisch Amstelveen in beeld,Citizens describe photos in the archives of Amstelveen.,History,Vereniging Historisch Amstelveen,The Netherlands,,,2016.0,ongoing,,Probably viewable once finished,No,https://velehanden.nl/projecten/bekijk/details/page/2/project/gea_tagging,-
30 dagen op zee,Citizens help index scans of repatriation lists of the people that were passengers on one of the ships sailing from the Dutch East Indies to the Netherlands between 1945 and 1967. ,History,Indisch Herinneringscentrum,The Netherlands,,,2019.0,ongoing,,Probably viewable once finished,No,https://velehanden.nl/projecten/bekijk/details/project/moei_index_30dagen,-
HISGIS Drenthe kadastrale registers 1832,Citizens help index scans of the oldest parcel registers of Drenthe. ,History,Fryske Akademy and Drents Archief ,The Netherlands,,,2014.0,2015,,Viewable,Yes,https://velehanden.nl/projecten/bekijk/details/status/closed/page/2/project/fak_oat,https://hisgis.nl/projecten/drenthe/
Kijk je Rijk!,Citizens help describe digitalize film fragments of Omroep Amersfoort between 1985 and 2011. ,History,Archief Eemland,The Netherlands,,,2013.0,2013,,Viewable,Yes,https://velehanden.nl/projecten/bekijk/details/status/closed/page/3/project/gam,https://www.archiefeemland.nl/
Adressen Bevolkingsregisters Stad Utrecht (1890 - 1899),Citizens help index scans of population registers from Utrecht between 1890 and 1899.,History,Utrechts Archief,The Netherlands,,,2017.0,2019,,Viewable,Yes,https://utrecht.nieuws.nl/onderwijswetenschap/74887/utrechts-archief-vraagt-hulp-bij-het-ontsluiten-van-utrechtse-bevolkingsregisters/,https://hetutrechtsarchief.nl/onderzoek/resultaten/archieven?mivast=39&mizig=210&miadt=39&miaet=1&micode=1007-2&minr=1307084&miview=inv2&milang=nl
Vele Ajacieden,Citizens describe photos in the archives of Ajax.,History,Ajax Archief,The Netherlands,,,2014.0,2016,,Viewable,Yes,https://velehanden.nl/projecten/bekijk/details/status/closed/page/2/project/afc_tagging,https://archief.ajax.nl/
Alle Amsterdamse Akten,Citizens transcribe notary deeds from notaries from Amsterdam between 1578 and 1915. ,History,Stadsarchief Amsterdam,The Netherlands,,,2016.0,ongoing,,Probably viewable once finished,No,https://velehanden.nl/projecten/bekijk/details/page/2/project/amsterdam_notarieel_2,-
Bevolkingsregisters Regionaal Archief Rivierenland,Citizens help index scans of population registers from Regionaal Archief Rivierenland between 1820 and 1940.,History,Regionaal Archief Rivierenland,The Netherlands,,,2014.0,2017,,Probably viewable,Unsure,https://velehanden.nl/projecten/bekijk/details/page/2/status/closed/project/rivierenland_bvr,-
Post van Weldadigheid,Citizens digitalize scans of letters between 1818 and 1847.,History,Drents Archief,The Netherlands,,,2015.0,2017,,Viewable,Yes,https://velehanden.nl/projecten/bekijk/details/status/closed/page/2/project/dre_cmw,http://alledrenten.nl/
Pilotproject transcripties Statenresoluties Overijssel 1799,Citizens transcribe two books containing resolutions adopted in Overijssel in 1799.,History,Historisch Centrum Overijssel,The Netherlands,,,2020.0,ongoing,,Probably viewable once finished,No,https://velehanden.nl/projecten/bekijk/details/project/hco_resoluties_transkribus,-
Burgerlijke stand Breda: Wie nog meer en wanneer!,Citizens help complete the population registers of the municipality of Breda and some municipalities near it. ,History,Stadsarchief Breda,The Netherlands,,,2018.0,2018,,Viewable,Yes,https://velehanden.nl/projecten/bekijk/details/status/closed/page/1/project/brd,https://stadsarchief.breda.nl/collectie/archief/genealogische-bronnen/persons
Missing Links,"Citizens link data related to photos to data already present in population registers of Hillegom, Leiden, Leiderdorp, Noordwijk, Rijnsburg, Sassenheim, Voorhout, Voorschoten, Warmond and Zoeterwoude.",History,Regionaal Archief Leiden,The Netherlands,,,2012.0,2019,,Viewable,Yes,https://velehanden.nl/projecten/bekijk/details/status/closed/page/1/project/leiden,https://www.erfgoedleiden.nl/collecties/personen
Westfriese Lidmaten,Citizens help index membership registers from churches between 1572 and 1913.,History,Westfries Archief,The Netherlands,,,2013.0,2017,,Viewable,Yes,https://velehanden.nl/projecten/bekijk/details/status/closed/page/2/project/wfg,https://www.westfriesarchief.nl/
Tag de tekst!,"Citizens tag names, locations and dates in already transcribed texts to train an AI to recognize those that were missed by people.",History,"Stadsarchief Amsterdam, Noord-Hollands Archief, Nationaal Archief and Regionaal Historische Centra",The Netherlands,,,2020.0,ongoing,,Probably viewable once finished,No,https://velehanden.nl/projecten/bekijk/details/project/sibr_annotate,-
De bevolkingsregisters Voorne-Putten,Citizens help index scans of population registers of the population of Voorne-Putten between 1826 and 1939. ,History,Streekarchief Voorne-Putten,The Netherlands,,,2015.0,2017,,Probably viewable,Unsure,https://velehanden.nl/projecten/bekijk/details/page/2/status/closed/project/picvh_vpr,-
Dagboeken van schrijvers,"Citizens transcribe diaries of Lodewijk van Deyssel, Henri van Booven and J. Greshoff.",History,Literatuurmuseum,The Netherlands,,,2017.0,2019,,Partly viewable,Yes,https://velehanden.nl/projecten/bekijk/details/status/closed/page/1/project/lkm_index,https://literatuurmuseum.nl/
Binnen- en buitengesticht van Zutphen,Citizens help index bedlam registers from the period between 1842 and 1938.  ,History,Regionaal Archief Zutphen,The Netherlands,,,2016.0,2016,,Viewable,Yes,https://velehanden.nl/projecten/bekijk/details/status/closed/page/2/project/szu_bevolkingsregister,https://erfgoedcentrumzutphen.nl/onderzoeken/archieven/details/NL-ZuRAZ-0110/path/2.4.1.2.19
AirSensEUR,Citizens help measure the quality of the air by placing sensors.,Environment, Joint Research Centre (JRC) of the European Commission ,The Netherlands,,,2015.0,ongoing,,No direct download,No,https://www.samenmetenaanluchtkwaliteit.nl/airsenseur,-
Luchtmeetnet Hillegersberg Schiebroek,Citizens place sensors in their backyards that measure the air quality. ,Environment,"None, the citizens in the area started it",The Netherlands,Rotterdam,,2017.0,ongoing,,Viewable,Yes,https://inhillegersberg.nl/geluid-lucht/424-luchtmeetnet-hillegersberg-schiebroek,https://login.munisense.net/login?url=https%3A%2F%2Foutdoorclimate.munisense.net%2F&theme=munisense-v2-lhis
Vuurwerkexperiment 2019 - 2020,Citizens help measure fine dust in the air during New Year's Eve.,Environment,RIVM,The Netherlands,,,2019.0,2019,,Viewable,Yes,https://www.samenmetenaanluchtkwaliteit.nl/projecten/vuurwerkexperiment-2019-2020,https://samenmeten.rivm.nl/vuurwerk/
Vang de Watermonsters,"Citizens take samples of water in lakes, canals etc. to measure the quality of the water. ",Environment,"Natuur&Milieu, ASN Bank, Hoogheemraadschap van Delfland, Hoogheemraadschap de Stichtse Rijnlanden, Waterschap Brabantse Delta, Waterschap Amstel Gooi en Vecht, Hoogheemraadschap van Rijnland, Hoogheemraadschap van Schieland en de Krimpenerwaard en Waterschap Rijn en IJssel, Nederlands Instituut voor Ecologie (NIOO-KNAW), NWB Bank",The Netherlands,,,2019.0,ongoing,,Viewable,Yes,https://www.natuurenmilieu.nl/themas/voedsel/projecten-voedsel/waterkwaliteit-biodiversiteit/watermonsters/,https://watermonsters.natuurenmilieu.nl/kaart
MySense,Citizens place sensors that measure the local air quality. This project is special considering it entails measuring fine dust and gas in an agricultural context. ,Environment,Stichting BurgerWetenschappers Land van Cuijk,The Netherlands,Region van Horst aan de Maas and Land van Cuijk,,2019.0,ongoing,,Viewable,Yes,http://behouddeparel.nl/samen-meten,https://samenmeten.rivm.nl/dataportaal/
Weer & Klimaat,"High school students measure the air pressure, temperature and humidity. ",Environment,GLOBE Nederland and the KNMI,The Netherlands,,,2012.0,ongoing,,Viewable,Yes,https://globenederland.nl/onderzoeksproject/weer/#info,https://vis.globe.gov/GLOBE/
Delft Meet Regen,"Citizens get a kit from the WaterLab which assists them in making their own rain gauge. Then, from the 18th of July until half September, they report every day how much rain has fallen.",Environment,"WaterLab (TU Delft), Gemeente Delft and Smartphones 4 Water",The Netherlands,Delft,There are some observations elsewhere,2020.0,ongoing,,Viewable,Yes,https://www.tudelft.nl/scd/waterlab/doe-mee-aan-onderzoek/project-7-delft-meet-regen,https://www.tudelft.nl/scd/waterlab/doe-mee-aan-onderzoek/onderzoeksresultaten
Papillottenproject,"Citizens photograph, register and repackage papillots in new acid-free bags and store them in high drawers in a standard manner again.",Environment,Naturalis Biodiversity Center,The Netherlands,Leiden,,2016.0,ongoing,,No direct download,No,https://www.naturalis.nl/collectie/verborgen-vlinders-het-gestroomlijnd-zichtbaar-maken-van-papillotten,-
Meetcampagne NO2 (Milieudefensie),Citizens help measure nitrogen dioxide in the air by placing sensors around place that are important to them.,Environment,Milieudefensie,The Netherlands,"Utrecht, Den Haag, Rotterdam, Amsterdam",,2015.0,2015,,Viewable,Yes,https://www.samenmetenaanluchtkwaliteit.nl/projecten/meetcampagne-no2-milieudefensie,https://milieudefensie.nl/actueel/rapport-wat-adem-jij-in.pdf
Maaspoort Meet!,Citizens living close to Maaspoort place sensors that measure the local air quality.,Environment,The Things Network and the RIVM ,The Netherlands,Maaspoort,,2017.0,ongoing,,Viewable ,Yes,https://www.samenmetenaanluchtkwaliteit.nl/maaspoort-meet,https://samenmeten.rivm.nl/dataportaal/
Urban AirQ (Amsterdam),Citizens help measure fine dust and nitrogen dioxide in the air in their street.,Environment,"Wageningen University & Research, KNMI, Waag Technology and Society, and GGD Amsterdam",The Netherlands,Amsterdam,,2016.0,2016,,Viewable,Yes,https://www.samenmetenaanluchtkwaliteit.nl/projecten/urban-airq-amsterdam,https://amt.copernicus.org/articles/11/1297/2018/
OeverWatch,Citizens report on biodiversity and biological water quality. They also measure the chemical water quality. ,Environment,WaterLab (TU Delft) and Hoogheemraadschap of Delftland ,The Netherlands,Midden Delftland,,2019.0,ongoing,,No direct download,No,https://www.tudelft.nl/scd/waterlab/doe-mee-aan-onderzoek/project-4-oeverwatch,-
Watermetingen door Mijn Omgeving,Citizens buy cheap sensors that measure the electrical conductivity of the water all day long. ,Environment,Mijn Omgeving and the RIVM,The Netherlands,,,2019.0,ongoing,,Viewable,Yes,https://www.samenmetenaanluchtkwaliteit.nl/projecten/watermetingen-door-mijn-omgeving,https://grafana.sensemakersams.org/d/m2HAkciWk/mijn-omgeving?orgId=1
WaterLab Circulair Water Flevoland,Citizens test circular water solutions in seven situations in practice. ,Environment,"Gemeente Almere, the province of Flevoland, Vitens and Waterschap Zuiderzeeland ",The Netherlands,Flevoland,,2021.0,ongoing,,No direct download,No,https://www.flevoland.nl/dossiers/waterlab-circulair-water,-
Visibilis,"On the initiative of two citizens, a suitcase containing multiple measuring instruments was attached to a measuring location already in use. The goal was to compare different tools. The citizens have written  report detailing the results. ",Environment,RIVM and DCMR Milieudienst Rijnmond,The Netherlands,Hoek van Holland,,2018.0,2019,,No direct download,No,https://www.samenmetenaanluchtkwaliteit.nl/visibilis,-
De Levende Bodem,High school students take samples of the soil and measure their quality. ,Environment,GLOBE Nederand and RIVM,The Netherlands,,,2011.0,ongoing,,Viewable,Yes,https://globenederland.nl/onderzoeksproject/bodem/#metingen,http://maps.bodemdata.nl/bodemdatanl/index.jsp
Grip Op Water - Altena,"Citizens report abnormal water circumstances. For instance, flooding or a place where the water does not drain. ",Environment,"Agrarische Natuur Vereniging,, Gemeente Altena, Waterschap Rivierenland and AgroExact",The Netherlands,,,2018.0,ongoing,,Viewable,Yes,http://altena.gripopwater.nl/over-ons/,https://wsrivierenland.maps.arcgis.com/apps/MapSeries/index.html?appid=ecdc63fe87bc431db608377635fa2567
Metingen 's Gravendijkwal (Rotterdam),Citizens investigate how the emissions of hazardous substances on the 's Gravendijkwasstraat can be limited with the use of a hoze that spreads very small particles of water. ,Environment,Stadslab Luchtkwaliteit,The Netherlands,Rotterdam,,2015.0,ongoing,,No direct download,No,https://www.samenmetenaanluchtkwaliteit.nl/metingen-s-gravendijkwal-rotterdam,-
Boeren Meten Water,Farmers and the water board work together to gain insights into the current situation of salinization and subsidence.,Environment,"Wetterskip Frysl√¢n, Waterschap Noorderzijlvest, Hoogheemraadschap Hollands Noorderkwartier, provinces Friesland, Groningen and Noord Holland, TWTG, TU Delft, Van Hall Larenstein, LTO Noord, Projecten LTO Noord, Acacia Water, Fixeau and farmers",The Netherlands,,North of The Netherlands,2019.0,ongoing,,No direct download,Unsure,https://boerenmetenwater.nl/aanleiding/,-
Samen stikstofdioxide meten met Palmes buisjes,Citizens measure nitrogen dioxide using Palmes tubes.,Environment,RIVM,The Netherlands,,,2019.0,ongoing,,Viewable,Yes,https://www.samenmetenaanluchtkwaliteit.nl/projecten/samen-stikstofdioxide-meten-met-Palmes-buisjes,https://samenmeten.rivm.nl/dataportaal/ 
Plastic Spotter ,Citizens spot plastic in the canals of Leiden and upload photos of it. ,Environment,"Citizen Science Lab, Leiden University and more",The Netherlands,Leiden,,2019.0,ongoing,,Viewable,Yes,https://www.plasticspotter.nl/,https://www.plasticspotter.nl/
Wadden Plastic,"Citizens choose a flood mark on either the Wadden or North Sea beaches, follow that mark and report every ten meters their estimate for the number of plastic granules for an area of 40x40 cm. ",Environment,University of Groningen,The Netherlands,Groningen,,2018.0,ongoing,,Viewable,Yes,https://survey123.arcgis.com/share/9c12036c270940c58de97252e1676ea8,"https://www.arcgis.com/home/webmap/viewer.html?webmap=3eb9b39fda224e1086ce8b8ffdacf053&extent=6.0562,53.4204,6.2258,53.4812"
Zet 'm op 70!,"Citizens decrease the temperature of the water with which their house is warmed, from 80-90 degrees Celsius to 70 degrees Celsius for two months. They also place automatic sensors that measure the temperatures inside and outside. Lastly, they fill out a questionnaire regarding their experiences.  ",Environment,WaterLab (TU Delft) and Warm in de Wijk,The Netherlands,,Multiple municipalities,2018.0,ongoing,,No direct download,No,https://www.tudelft.nl/scd/waterlab/doe-mee-aan-onderzoek/project-5-zet-m-op-70,-
Hollandse Luchten,Citizens in Noord-Holland place sensors that measure the local air quality. ,Environment,"RIVM, Waag Technology and Society, de Gemeente Zaanstad, Gemeente Haarlem, Omgevingsdienst IJmond, Omgevingsdienst Noordzeekanaal, TATA Steel, Smart City Haarlem, Buiksloterham Circulair, Studio O, Stofmelder and Brak! IJmuiden",The Netherlands,NoordHolland,,2019.0,ongoing,,Viewable,Yes,https://hollandseluchten.waag.org/,https://hollandseluchten.waag.org/kaart/
Drinkable Rivers,Citizens sign in and pick up one of the test kits from one of the locations located all over Europe. The kits are used to collect samples of water and measure the water quality. Results are entered into a database. ,Environment,"WaterLab (TU Delft), Li An Phoa (started it) and Dr. Renata van der Weijden (WUR)",Europe,,,2019.0,ongoing,,Viewable,Yes,https://drinkablerivers.org/what-we-do/citizen-science/,https://www.tudelft.nl/scd/waterlab/doe-mee-aan-onderzoek/onderzoeksresultaten
Nationale Lichtmeting,Elementary school children build their own spectroscope and see what lamps are used in their surroundings. ,Environment,GLOBE Nederand,The Netherlands,,,2015.0,2020,,No direct download,No,https://globenederland.nl/onderzoeksprojecten/lichtmeting/,-
SCOREwater,"Citizens help investigate how the city of Amersfoort can become more adaptive to the changing climate, especially with regards to flooding as this is a problem in the city. ",Environment,"Gemeente Amersfoort, Civity, Eurecat, City of Gothenburg, HydroLogic, IERMB, IVL, s::can, Talkpool, Universeum, ICRA, Swedish Hydro Solutions, Future City Foundation and Barcelona Cicle de l‚ÄôAigua. ","The Netherlands, Sweden, Spain",,The Netherlands: Amersfoort; Sweden: Gothenburg; Spain: Barcelona,2019.0,ongoing,,No direct download,No,https://www.scorewater.eu/#3cases,-
Snuffelfiets,Citizens measure air quality through sensors attached to their bicycles by cycling different routes. ,Environment,"Provincie Utrecht, Civity, SODAQ and the RIVM",The Netherlands,Utrecht province,,2019.0,ongoing,2018 pilot,Viewable ,Yes,https://www.samenmetenaanluchtkwaliteit.nl/snuffelfiets,https://snuffelfiets.nl/data/
EyeOnWater,"Citizens help classify rivers, lakes, coastal waters, seas and oceans based on their color with the help of an app.",Environment,NIOZ and VU Amsterdam,The Netherlands,,Also Worldwide,2016.0,ongoing,,Viewable,Yes,https://www.eyeonwater.org/about-us,https://www.eyeonwater.org/search/
Amsterdam Sounds,Citizens in Amsterdam place sensors that measure the amount and kind of noise. ,Environment,"Gemeente Amsterdam, Ombudsman Metropool Amsterdam, Sensemakers Amsterdam, Sensing Clues and Waag Technology & Society",The Netherlands,Amsterdam,,2019.0,ongoing,,Viewable,Yes,https://amsterdamsounds.waag.org/,https://amsterdamsounds.waag.org/kaart/
Explane,Citizens meausre the noise made by planes with their smartphones.,Environment,SchipholWatch,The Netherlands,,,2018.0,ongoing,,Viewable,Yes,"https://explane.org/#:~:text=ExPlane%20is%20the%20app%20to%20register%20aviation%20noise&text=The%20app%20gives%20you%20the,by%20residents%20living%20near%20airports",https://reports.explane.org/nl/
Check de Stadvergroening!,"Citizens first register, alone or in a group, and then follow a step-by-step plan of what they ought to do. They inspect a place they choose themselves on what the soil consists of, and check the draining of rainwater and whether flooding occurs after heavy rain.",Environment,WaterLab (TU Delft) and the Hoogheemsraadschap of Delftland,The Netherlands,,,2018.0,ongoing,,No direct download,No,https://www.tudelft.nl/scd/waterlab/doe-mee-aan-onderzoek/project-2-check-de-stadsvergroening,-
Samen Luchtkwaliteit Meten in Zuid-Holland,"Citizens place sensors that measure the local air quality. This is mostly done in so-called ""meetclubs"", where multiple sensors are placed close to each other in cluster. ",Environment,"Provincie Zuid-Holland, RIVM and DCMR Milieudienst Rijnmond",The Netherlands,ZuidHolland ,,2017.0,ongoing,,Viewable,Yes,https://www.samenmetenaanluchtkwaliteit.nl/projecten/samen-luchtkwaliteit-meten-in-zuid-holland,https://samenmeten.rivm.nl/dataportaal/  
CHARRED,Citizens measure the amount of fine dust by putting sensors in their backyards. ,Environment,"RIVM, GGD Amsterdam, Stichting HoutrookVrij and the Longfonds",The Netherlands,Amsterdam,Pilot,2019.0,ongoing,,Viewable ,Yes,https://www.samenmetenaanluchtkwaliteit.nl/projecten/samen-houtrook-meten ,https://samenmeten.rivm.nl/dataportaal/
Vuurwerkexperiment 2018 - 2019,Citizens help measure fine dust in the air during New Year's Eve.,Environment,RIVM,The Netherlands,,,2018.0,2019,,Viewable,Yes,https://www.samenmetenaanluchtkwaliteit.nl/vuurwerkexperiment-2018-2019,https://samenmeten.rivm.nl/dataportaal/
Almere meet water,Citizens get one of the measuring toolboxes and measure the quality of the water in their neighborhood. ,Environment,"Gemeente Almere, Waterschap Zuiderzeeland, knowledge institutions Deltares and Wageningen Environmental Research (WEnR), artist Pav√®l van Houten, Almere Stad & Natuur and Waterburgemeester Almere",The Netherlands,Almere,,2019.0,2019,,Viewable ,Yes,https://almeremeetwater.nl/,https://almeremeetwater.nl/kaart/
Waterkwaliteit in Europa,Citizens first request research packages with which they collect a sample of water they send back. ,Environment,WaterLab (TU Delft) and KWR,Europe,,,2017.0,2017,,Viewable,Yes,https://www.tudelft.nl/scd/waterlab/doe-mee-aan-onderzoek/project-1-waterkwaliteit-in-europa,"https://www.arcgis.com/home/webmap/viewer.html?webmap=9f6c2e258f2f40a884335feaf85501a7&extent=3.9538,51.8158,4.968,52.1811"
Smart Emission Nijmegen Project,"Citizens in Nijmegen place sensors that measure the air quality, the amount of noise, vibrations en meteorological indicators. ",Environment,"Radboud University, gemeente Nijmegen, Geonovum, Intemo, CityGIS and the RIVM",The Netherlands,Nijmegen,,2015.0,ongoing,,Viewable,Yes,https://data.smartemission.nl/home,https://data.smartemission.nl/data
Meet je Stad,"Citizens measure temperature, humidity, air quity and soil moisture. ",Environment,"Gemeente Amersfoort, Waterschap Vallei en Veluwe and Hogeschool van Amsterdam",The Netherlands,Amersfoort,,2015.0,ongoing,,Viewable,Yes,https://www.meetjestad.net/nl/MeetjeStad,https://www.meetjestad.net/data/
Vuurwerkexperiment 2017/2018,Citizens help measure fine dust in the air during New Year's Eve.,Environment,RIVM,The Netherlands,,,2017.0,2018,,Viewable ,Yes,https://www.samenmetenaanluchtkwaliteit.nl/vuurwerkexperiment-20172018,https://samenmeten.rivm.nl/dataportaal/
iSPEX,Citizens help measure fine dust in the air.,Environment,"RIVM, NOVA, SRON and the KNMI",The Netherlands,,,2012.0,2013,,No direct download,No,https://www.samenmetenaanluchtkwaliteit.nl/ispex,-
AiREAS Eindhoven,Citizens set up a project to measure air quality in the city of Eindhoven.,Environment,Stichting STIR (Stad van Morgen),The Netherlands,Eindhoven,,2013.0,ongoing,,No direct download,No,https://www.samenmetenaanluchtkwaliteit.nl/aireas-eindhoven,-
Oud & Nieuw 2020 - 2021,Citizens help measure fine dust in the air during New Year's Eve.,Environment,RIVM,The Netherlands,,,2020.0,2020,,Viewable,Yes,https://www.samenmetenaanluchtkwaliteit.nl/oud-nieuw-2020-2021,https://samenmeten.rivm.nl/vuurwerk/
Samen Meten aan Luchtkwaliteit,Citizens measure airquality by putting sensors in their backyards. ,Environment,RIVM ,The Netherlands,,,2016.0,ongoing,,Viewable,Yes,https://www.samenmetenaanluchtkwaliteit.nl/,https://samenmeten.rivm.nl/dataportaal/
Versheid van Water,Citizens help researchers use the new technique Next Generation Sequencing to determine whether water is a fresh product. ,Environment,Waternet and KWR Watercycle Research Institute,The Netherlands,,,2015.0,2015,,No direct download,No,https://www.kwrwater.nl/projecten/citizen-science-praktijkpilot-versheid-water/,-
Vuurwerk 2016 - 2017,Citizens help measure fine dust in the air during New Year's Eve.,Environment,RIVM,The Netherlands,,,2016.0,2017,,Viewable ,Yes,https://www.samenmetenaanluchtkwaliteit.nl/vuurwerk-2016-2017,https://samenmeten.rivm.nl/dataportaal/  
Luftdaten op Sensor.community,Citizens place sensors that measure the local air quality. ,Environment,"RIVM, Luftdaten and Sensor Community",The Netherlands,,,2019.0,ongoing,,Viewable,Yes,https://www.samenmetenaanluchtkwaliteit.nl/luftdaten,https://samenmeten.rivm.nl/dataportaal/
Geluid-​ en luchtkwaliteit,Citizens in Schiedam place sensors that measure the amount of noise and the air quality. ,Environment,"Gemeente Schiedam, DCMR, Ministerie van Infrastructuur en Milieu and the RIVM ",The Netherlands,Schiedam ,,2017.0,ongoing,,Viewable,Yes,https://www.samenmetenaanluchtkwaliteit.nl/burgermetingen-schiedam,https://www.webgispublisher.nl/schiedam/
Jubileumproject DCMR - NO2 burgermetingen in Rijnmondgebied,"In honor of their anniversary, the DCMR provided 230 citizens with sensors to measure nitrogen dioxide.",Environment,DCMR Milieudienst Rijnmond,The Netherlands,Rotterdam Rijnmond,,2019.0,2019,,Viewable,Yes,https://www.samenmetenaanluchtkwaliteit.nl/jubileumproject-dcmr-no2-burgermetingen-in-rijnmondgebied,https://samenmeten.rivm.nl/dataportaal/ 
Waterlab Flevoland,Citizens test innovative purification systems for two years. ,Environment,Gemeente Almere and Waterschap Zuiderzeeland ,The Netherlands,Flevoland,,2019.0,2021,,No direct download,No,https://www.waterforum.net/officiele-start-waterlab-flevoland/,-
Onze Lucht – zelf fijnstof meten in Noord-Nederland,"Citizens build gaugers that measure the amount of fine dust in the air. For every area with the same postal code in Groningen, Friesland or Drenthe, one person can partake in the project.",Environment,"RIVM, University of Groningen, GGD Groningen and Longfonds ",The Netherlands,,,2020.0,ongoing,,Viewable,Yes,https://www.samenmetenaanluchtkwaliteit.nl/projecten/onze-lucht-zelf-fijnstof-meten-in-noord-nederland,https://samenmeten.rivm.nl/dataportaal/
Schone Rivieren ,Citizens help researchers by cleaning up rivers and investigating what they find. ,Environment,"IVN Natuureducatie, Plastic Soup Foundation and Stichting de Noordzee",The Netherlands,,,2015.0,ongoing,,Viewable,Yes,https://www.iedereenwetenschapper.be/projects/word-afvalonderzoeker,https://www.schonerivieren.org/join/resultaten-onderzoeken/
Hoe gezond is onze lucht?,"Citizens help measure nitrogen dioxide in the air by placing sensors around place that are important to them, like the local school or the street through which they cycle every day.",Environment,Milieudefensie,The Netherlands,"Amsterdam, Rotterdam, Den Haag",,2012.0,2014,,Viewable,Yes,https://milieudefensie.nl/actueel/eindrapport-hoe-gezond-is-onze-lucht.pdf,https://milieudefensie.nl/actueel/eindrapport-hoe-gezond-is-onze-lucht.pdf
Een neus voor luchtkwaliteit,Sensors are placed in places in Maastricht that are chosen by citizens. The sensors measure the local air quality. ,Environment,Gemeente Maastricht,The Netherlands,Maastricht,,2016.0,ongoing,,Viewable ,Yes,https://www.samenmetenaanluchtkwaliteit.nl/maastricht,https://www.luchtmeetnet-maastricht.nl/maastricht/
Samen Geluid Meten,Citizens place sensors that measure the amount of noise. ,Environment,RIVM,The Netherlands,,,2021.0,ongoing,,Viewable,Yes,https://www.samenmetenaanluchtkwaliteit.nl/projecten/samen-geluid-meten,https://samenmeten.rivm.nl/dataportaal/
Boeren en Buren,Citizens place sensors that measure the local air quality and fill in an app regarding the smell. ,Environment,"RIVM, Limburgse Land- en Tuinbouwbond, stichting Gezond Leefmilieu Venray, gemeente Venray and the province of Limburg ",The Netherlands,Venray,,2019.0,2021,,Viewable ,Yes,https://www.rivm.nl/boeren-en-buren,https://samenmeten.rivm.nl/dataportaal/
Spinnentelling,Citizens register on two predetermined days the number and kind of spiders they see in their backyards. ,Ecology,"Jaarrond Tuintelling, EIS Kenniscentrum Insecten, Naturalis Biodiversity Center and the Natuurmuseum Frysl√¢n",The Netherlands,,,2015.0,recurring,,Viewable,Yes,https://www.tuintelling.nl/index.php/data/result/evenement/ES/,https://www.ndff.nl/overdendff/data/
Oeverplanten,"Citizens choose a strip of fourty meters alongside a shore. Every ten meters, they report all indicator plants they see and cross them out on a card. In the middle, they report the coordinates and afterwards they make a photo of the strip of land they examined. ",Ecology,Naturalis and Leiden University,The Netherlands,Leiden and Ommelanden,,2018.0,2018,,No direct download,No,https://www.universiteitleiden.nl/citizensciencelab/projecten/oeverplanten,-
Animal Tracker,Citizens localize spoonbills and report on them. ,Ecology,NIOZ Koninklijk Instituut voor Zeeonderzoek,The Netherlands,,,2019.0,ongoing,,Partly viewable,Yes,https://www.iedereenwetenschapper.be/projects/volg-de-weg-van-trekvogels,https://www.nioz.nl/en/about/cos/movement-connectivity/bird-movement/tracking-movements-of-spoonbills/follow-spoonbills-from-the-netherlands
Plonzenweekend,"Citizens count the number of splashes they hear when passing the pond in their backyard or another pond on a walk. If they are able to get close enough to see a frog, they can also count the frog species. ",Ecology,Stichting RAVON,The Netherlands,,,2008.0,recurring,,Viewable,Yes,https://www.tuintelling.nl/data/result/evenement/EPLONS,https://www.ndff.nl/overdendff/data/
Special Project Muggenradar,Citizens send researchers the mosquitos they have killed.,Ecology,Wageningen University & Research,The Netherlands,,,2021.0,ongoing,,No direct download,No,https://www.naturetoday.com/intl/nl/nature-reports/message/?msg=27308,-
Zomerganzentelling,Citizens count summer geese and report on their number and species. ,Ecology,Koninklijke Nederlandse Jachtvereniging and Sovon Vogelonderzoek Nederland,The Netherlands,,,2005.0,recurring,,Partly viewable,No,https://vogeltrekstation.nl/nl/onderzoek/monitoringsprojecten/zo%C3%B6nosenproject,https://euring.org/data-and-codes/obtaining-data
Wantsen,Citizens make photos of the bugs they encounter and load them unto waarneming.nl. ,Ecology,EIS Kenniscentrum Insecten,The Netherlands,,,2017.0,2018,,Viewable,Yes,https://www.eis-nederland.nl/wantsenproject,https://www.ndff.nl/overdendff/data/
Libellentelling,Citizens register how many and what kinds of dragonflies they have seen on two predetermined days. They also register whether they saw any dead dragonflies.,Ecology,Vlinderstichting,The Netherlands,,,1998.0,recurring,,Viewable,Yes,https://www.tuintelling.nl/evenementen/libellentelling,https://www.clo.nl/indicatoren/nl1387-libellen
Nationale Waterdiertjes Telling,Citizens report which and how many animals live in the water in their nearby ditches. They also report the type and quality of the water.,Ecology,"Wageningen University & Research, GLOBE, Ons Water, IVM Natuureducatie, NIOO-KNAW, Unie van Waterschappen, Stowa, Ministerie van Infrastructuur en Waterstaat and Watereducatie. ",The Netherlands,,"Officially worldwide, but most activity is in The Netherlands",2018.0,recurring,,Viewable,Yes,https://www.waterdiertjes.nl/#/info,https://www.waterdiertjes.nl/#/info
Paardenbloemen,"Citizens collect blowballs of dandelions, and report how long and how wide the tails are. Then they go inside, select five achenes which they let go five times each and report how long it takes them to land on the ground. ",Ecology,"EvoScope (Gemeente Leiden, Leiden University and Naturalis) ",The Netherlands,,,2019.0,2019,,No direct download,No,https://www.universiteitleiden.nl/citizensciencelab/projecten/evoscope---paardenbloemen,-
Herbariummateriaal Verzamelen,"Citizens collect samples of plants that are either rare, believed to have gone extinct in the Netherlands, plants with flowers or fruits that they are unable to identify or they want to argue a species can better be split into multiple species. After collecting the sample, it is send to a predetermined address. ",Ecology,FLORON and Naturalis,The Netherlands,,,2013.0,ongoing,,No direct download,No,https://www.floron.nl/meedoen/herbariummateriaal,-
Tweede Boerenzwaluw - nestentelling,Citizens count the number of new nests of the barn swallow in their own backyards. ,Ecology,Sovon and the Vogelbescherming,The Netherlands,,,2011.0,2019,,Viewable,Yes,https://www.tuintelling.nl/evenementen ,https://www.ndff.nl/overdendff/data/
Kikkerdriltelling,Citizens count the number of clumps of spawn in the ponds in their backyards during a predetermined period of time. ,Ecology,Stichting RAVON and Jaarrond Tuintelling,The Netherlands,,,2018.0,recurring,,Viewable,Yes,https://www.tuintelling.nl/evenementen/kikkerdriltelling,https://www.ndff.nl/overdendff/data/
Stoepplantjes,Citizens report where and what plants/weeds they found on their sidewalks. ,Ecology,"Hortus Leiden, Nederlandse Vereniging Botanische Tuinen, Singelpark and Verwonder om de Hoek",The Netherlands,,,2020.0,ongoing,,No direct download,No,https://www.hortusleiden.nl/onderwijs/stoepplantjes-1,-
Boerenzwaluw - nestentelling,Citizens count the number of nests of the barn swallow in their own backyards. ,Ecology,Sovon and the Vogelbescherming,The Netherlands,,,2011.0,2019,,Viewable,Yes,https://www.tuintelling.nl/evenementen ,https://www.ndff.nl/overdendff/data/
Mollentelling,Citizens count on predetermined days the number of moles or molehills they see in their surroundings.,Ecology,"Zoogdiervereniging, Vroege Vogels, Waarneming.nl, Natuurpunt and Jaarrond Tuintelling",The Netherlands,,,2019.0,recurring,,Viewable,Yes,https://www.zoogdiervereniging.nl/wat-we-doen/monitoring/jaarrond-tuintelling/mollentelling,https://www.ndff.nl/overdendff/data/
Snapshot Hoge Veluwe,Citizens count the number of animals and species present on a photo. ,Ecology,Nationale Park Hoge Veluwe,The Netherlands,,,2018.0,ongoing,,No direct download,No,https://www.iedereenwetenschapper.be/projects/bestudeer-wilde-dieren-de-hoge-veluwe,-
Constant Effort Site Project,"Citizens help ring birds. What is different for this project is that it is all very standardized: citizens go every ten days, for the same amount of time and place the nets on the same places. ",Ecology,"Sovon Vogelonderzoek Nederland, Vogeltrekstation and NIOO-KNAW",The Netherlands,,,1994.0,ongoing,,Viewable after application,Yes,https://vogeltrekstation.nl/nl/onderzoek/monitoringsprojecten/ces-het-constant-effort-site-project,https://euring.org/data-and-codes/obtaining-data
Nationale Tuinvogeltelling,Citizens count on one of the predetermined days for 30 minutes the number of birds in their backyards and also report on their species. ,Ecology,Vogelbescherming Nederland,The Netherlands,,,2001.0,recurring,,Viewable,Yes,https://www.vogelbescherming.nl/tuinvogeltelling,https://www.ndff.nl/overdendff/data/
Eindejaars Plantenjacht,Citizens count between predetermined days which plants bloom in their backyard.,Ecology,FLORON,The Netherlands,,,2014.0,recurring,,Viewable,Yes,https://www.floron.nl/plantenjacht,https://www.ndff.nl/overdendff/data/
Bioblitz,A contest where citizens try to discover as many animals and plants in their backyard within a 24-hour time period. ,Ecology,Jaarrond Tuintelling,The Netherlands,,,2020.0,recurring,,Viewable,Yes,https://www.tuintelling.nl/data/result/evenement/EBB,https://www.ndff.nl/overdendff/data/
Wadertrack ,Citizens register their observations of color ringed oystercatchers.,Ecology,"Sovon Vogelonderzoek Nederland, NIOO-KNAW, IMARES and Rijksuniversiteit Groningen",The Netherlands,,,2012.0,2020,To CRBirding Submit,No direct download,No,https://www.naturetoday.com/intl/nl/nature-reports/message/?msg=25068,-
SnailSnap,"Citizens download an app with which they make pictures of snails they encountered from April up until October. The app sends the photo, along with the coordinates of the place it was taken at to waarneming.nl.",Ecology,"EvoScope (Gemeente Leiden, Leiden University and Naturalis)  and EIS Kenniscentrum Insecten",The Netherlands,,,2017.0,recurring,,Viewable,Yes,https://www.universiteitleiden.nl/citizensciencelab/projecten/naturalis,https://www.ndff.nl/overdendff/data/
Witte Gebieden,"Citizens (mostly florists) reserve a ‚ÄúWit Gebied‚Äù beforehand. These are areas where florists are not as active, so there are less observations compared to other areas. Florists then visit such an area for a maximum of one day and fill in lists of what they found in the area that covers at least three ‚Äúkilometerhokken‚Äù. ",Ecology,FLORON,The Netherlands,,,2016.0,ongoing,,Viewable,Yes,https://www.floron.nl/meedoen/witte-gebieden ,https://www.ndff.nl/overdendff/data/
Muggenradar,"Citizens report how much trouble they experience from mosquitoes (none, a little, much, very much). ",Ecology,Wageningen University & Research,The Netherlands,,,2016.0,ongoing,1 observation in 2009 and 2014,Viewable,Yes,https://www.naturetoday.com/intl/nl/observations/mosquito-radar,https://www.naturetoday.com/intl/nl/observations/mosquito-radar
Kilometerhokken Inventariseren,Citizens register the locations plant species by crossing them off on a list in a predetermined area.,Ecology,FLORON,The Netherlands,,,1988.0,ongoing,Also in 1902  1980,Viewable,Yes,https://www.floron.nl/meedoen/kilometerhokken-inventariseren ,https://www.ndff.nl/overdendff/data/
Van Kroeg tot Kraamkamer,"Citizens observe the animals in their backyards for a predetermined period of ten days and note what kind of behavior they display (kroeg, hotel or kraamkamer). ",Ecology,Dierenbescherming and Jaarrond Tuintelling,The Netherlands,,,2017.0,recurring,,Viewable,Yes,https://www.tuintelling.nl/kraamkamer,https://www.ndff.nl/overdendff/data/
Wildspotter,Citizens check whether animals can find their way at fauna passages by watching videos. ,Ecology,Arcadis,The Netherlands,,,2016.0,,No indication when the project ended,No direct download,No,https://www.naturetoday.com/intl/nl/nature-reports/message/?msg=22655,-
Egelweekend,Citizens register when and how many hedgehogs they have encountered. Dead hedgehogs are also reported. ,Ecology,Zoogdiervereniging and the Egelwerkgroep Nederland,The Netherlands,,,2009.0,recurring,,Viewable,Yes,https://www.tuintelling.nl/data/result/evenement/EE,https://www.ndff.nl/overdendff/data/
GrowApp,"Citizens make pictures of a certain spot in nature, which the app transforms into a time-lapse to capture the change of seasons. The app sheds light on the impact of climate change on nature. ",Ecology,Wageningen University & Research and GLOBE,The Netherlands,,"Officially worldwide, but most activity is in The Netherlands",2017.0,ongoing,,Viewable,Yes,https://www.naturetoday.com/intl/nl/observations/growapp,https://www.growapp.today/#/
Nationale Nachtvlindernachten,Citizens count on one of the predetermined nights the number and species of moths they see in their backyard. ,Ecology,Vlinderstichting,The Netherlands,,,2005.0,recurring,,Viewable,Yes,https://www.vlinderstichting.nl/nachtvlindernacht/,https://www.ndff.nl/overdendff/data/
Avondtelling Amfibie√´n,Citizens report how many and what kind of amphibians they have seen and heard on a predetermined evening. ,Ecology,Stichting RAVON,The Netherlands,,,2016.0,2016,Also in 2020,Viewable,Yes,https://www.tuintelling.nl/evenementen/avondtelling,https://www.ndff.nl/overdendff/data/
Tuinvijver-opschoontelling,Citizens cleaning the ponds in their backyards report on what species they encountered and how many of each species they saw. ,Ecology,Stichting RAVON,The Netherlands,,,2015.0,2015,,Viewable,Yes,https://tuintelling.nl/evenementen/tuinvijvertelling,https://www.ndff.nl/overdendff/data/
Pullen,Citizens ring young birds to gain insights in the first year of life of their peers. ,Ecology,"Sovon Vogelonderzoek Nederland, Vogeltrekstation and NIOO-KNAW",The Netherlands,,,2007.0,ongoing,,Probably viewable,Yes,https://vogeltrekstation.nl/nl/onderzoek/monitoringsprojecten/pullen#quicktabs-pullen=0,https://euring.org/data-and-codes/obtaining-data
Nationale Bijentelling,Citizens count on one of the predetermined days for 30 minutes  the number of bees in their backyards and also report on their species.,Ecology,"Nederland Zoemt: Naturalis, IVN Natuureducatie, LandschappenNL and Natuur&Milieu ",The Netherlands,,,2017.0,recurring,,Viewable,Yes,https://www.nationalebijentelling.nl/,https://www.ndff.nl/overdendff/data/
Paddenoverzetacties,Citizens (mostly in groups) report how many and what kind of toads they transferred. ,Ecology,Stichting RAVON,The Netherlands,,,2008.0,recurring,,Viewable,Yes,https://www.ravon.nl/Portals/2/Bestanden/Publicaties/Rapporten/2007.003k.pdf,https://www.ndff.nl/overdendff/data/
Mijn Berm Bloeit!,"Citizens choose between a predetermined period a road verge. Then, they register one hundred meter of road verge and stand still every ten meters to note the nectar plants that are within one meter of themselves.",Ecology,FLORON and Vlinderstichting,The Netherlands,,,2017.0,recurring,,Viewable,Yes,https://www.floron.nl/bermen,https://www.ndff.nl/overdendff/data/
Lijsters- en Bessentelling,Citizens register which fructuous trees are in their backyard and which birds make use of them.,Ecology,Sovon Vogelonderzoek Nederland,The Netherlands,,,2020.0,recurring,,Viewable,Yes,https://www.sovon.nl/nl/actueel/nieuws/lijsters-en-bessen-tellen,https://www.ndff.nl/overdendff/data/
Nationale NajaarsVleermuistuintelling,Citizens count on one of the predetermined days the number of bats in their backyards and also report on their species from sunset until they have not seen a bat in over 10 minutes. They also give information on where in their backyard they saw the bats and where they did not see any.,Ecology,Zoogdiervereniging ,The Netherlands,,,2019.0,recurring,,Viewable,Yes,https://www.vleermuis.net/,https://www.ndff.nl/overdendff/data/
Meetnet Urbane Soorten,"Citizens count birds and species three times per season, on top of the yearly separate counts. ",Ecology,Sovon Vogelonderzoek Nederland,The Netherlands,,,2007.0,ongoing,,Viewable,Yes,https://www.sovon.nl/nl/MUS,https://www.ndff.nl/overdendff/data/
CR-Birding Submit,Citizens register their observations of color marked birds.,Ecology,"Sovon Vogelonderzoek Nederland, Vogeltrekstation Nederland and Dirk Raes",The Netherlands,,,2016.0,ongoing,,No direct download,No,https://submit.cr-birding.org/page/who_are_we/,-
Boerenzwaluwproject,Citizens put in extra effort to ring barn swallows and thereby gain insights in the survival and reproduction of the species. ,Ecology,"Vogeltrekstation, Vogelbescherming Nederland and NIOO-KNAW",The Netherlands,,,1997.0,ongoing,,Probably viewable,Yes,https://vogeltrekstation.nl/nl/onderzoek/monitoringsprojecten/boerenzwaluw,https://euring.org/data-and-codes/obtaining-data
Natuurkalender,Citizens observe a certain animal species on a location they have chosen themselves and note the first day when they enter a new phenological phase.,Ecology,"Wageningen University & Research, FLORON, RAVON, Sovon Vogelonderzoek Nederland, Stichting voor Duurzame Ontwikkeling, De Vlinderstichting, Vroege Vogels and Zoogdiervereniging",The Netherlands,,,1868.0,recurring,,Viewable,Yes,https://www.naturetoday.com/intl/nl/observations/natuurkalender?utm_source=natuurkalender.nl&utm_medium=redirect&utm_campaign=olddomain,https://www.ndff.nl/overdendff/data/
TreeWiFi,"A project that was started by a citizen where bird houses measure the air quality. When the quality increases, you get free wifi in return. ",Ecology,Joris Lam,The Netherlands,,,2016.0,ongoing,,No direct download,No,https://www.samenmetenaanluchtkwaliteit.nl/projecten/treewifi,-
Kauwtjes,Citizens report how close they can venture near a jackdaw. ,Ecology,"EvoScope (Gemeente Leiden, Leiden University and Naturalis) ",The Netherlands,,,2019.0,2019,,No direct download,No,https://www.universiteitleiden.nl/citizensciencelab/projecten/evoscope---kauwtjes,-
Kruidenrijk Grasland App,Citizens make pictures with an app of different kinds of grasslands. ,Ecology,"WWF, RVO, Wageningen University & Research and BoerenNatuur",The Netherlands,,,2019.0,ongoing,,No direct download,No,https://www.naturetoday.com/intl/nl/nature-reports/message/?msg=26207,-
Kuikenteller,Citizens count the number of ducklings in a place near them and then follow them and report of their survival for the rest of the season. ,Ecology,Sovon Vogelonderzoek Nederland,The Netherlands,,,2020.0,2020,,No direct download,No,https://www.iedereenwetenschapper.be/projects/hoe-gaat-het-met-de-wilde-eend,-
Tuinvlindertelling,Citizens count on one of the predetermined days for 15 minutes the number of butterflies in their backyards and also report on their species. ,Ecology,Vlinderstichting,The Netherlands,,,2009.0,recurring,,Viewable,Yes,https://www.vlinderstichting.nl/vlindermee/,https://www.ndff.nl/overdendff/data/
Koolmezen,"Citizens hang two fat balls outside during the winter, one with a weird object underneath and the other without one. Then they sit down for half an hour and count how many great tits (koolmezen) come to the ball with the weird object and how many come to the ball without it. ",Ecology,"EvoScope (Gemeente Leiden, Leiden University and Naturalis) ",The Netherlands,,,2019.0,2019,,No direct download,No,https://www.universiteitleiden.nl/citizensciencelab/projecten/evoscope---koolmezen,-
"RAS: het ""Retrapping Adults for Survival"" project","Citizens focus on one bird species they decide on themselves and then try the trap birds in nets to ring them. When a bird was also ringed last year, this is noted. Together, this gives insights in the survival of birds. ",Ecology,"Sovon Vogelonderzoek Nederland, Vogeltrekstation and NIOO-KNAW",The Netherlands,,,1998.0,ongoing,,Probably viewable,Yes,https://vogeltrekstation.nl/nl/onderzoek/monitoringsprojecten/ras-het-retrapping-adults-survival-project,https://euring.org/data-and-codes/obtaining-data
Leuke Vliegen,"Citizens count the number and species of flies they see in their backyard by making photos of them. The goal is to collect information on five families of flies, to see how many there are and where. This information is used to determine which species are well and which are not. ",Ecology,"EIS Kenniscentrum Insecten, waarneming.nl, Nederlandse Entomologische Vereniging and the youthgroups of naturestudies ",The Netherlands,,,2012.0,2014,,Viewable,Yes,https://www.eis-nederland.nl/actueel/projecten/leuke-vliegen,https://www.ndff.nl/overdendff/data/
Fishing in the Past,Citizens identify fish species on paintings to gain information on biodiversity and commercial use of fish species throughout history. ,Ecology,Leiden University Centre for the Arts in Society (LUCAS) and the Naturalis Biodiversity Center,The Netherlands,,,2020.0,2020,,No direct download,No,https://www.zooniverse.org/projects/anneoverduin/fishing-in-the-past/about/research,-
Staat Deze Plant Er Nog?,"Citizens search for rare plant species, guided by a map of where they were previously found. ",Ecology,FLORON,The Netherlands,,,2012.0,ongoing,,Viewable,Yes,https://www.floron.nl/meedoen/actualisering-groeiplaatsen-bijzondere-soorten,https://www.ndff.nl/overdendff/data/
Bodemdierendagen,"Citizens count the benthic animals in their backyards, planters and on their roof if they happen to have a so-called green roof. They register to what animal group (out of ten) the benthic animals belong. ",Ecology,Nederlands Instituut voor Ecologie (NIOO-KNAW) and the Centrum voor Bodemecologie,The Netherlands,,,2015.0,recurring,,Viewable,Yes,https://bodemdierendagen.nl/,https://www.ndff.nl/overdendff/data/
Essentaksterfte,Citizens report whether ash trees are affected by a fungus.,Ecology,Wageningen University & Research,The Netherlands,,,2016.0,ongoing,,Viewable,Yes,https://www.naturetoday.com/intl/nl/observations/essentaksterfte,https://www.naturetoday.com/intl/nl/observations/essentaksterfte
Signalering (Invasieve) Exoten,"Citizens report the coordinates and abundance (surface they span) of invasive exotics classified as such on a list. Moreover, when a rare exotic is found, material can be send in for examination.  ",Ecology,"KNNV, all PGO‚Äôs united in the VOFF, Waarneming.nl, Gegevensautoriteit Natuur, Koninklijke Sportvisserij Nederland and Team Invasieve Exoten (TIE)",The Netherlands,,,2012.0,ongoing,,Partly viewable,Yes,https://www.floron.nl/meedoen/exoten-melden,https://www.cbs.nl/nl-nl/nieuws/2017/01/verspreiding-invasieve-plantensoorten-toegenomen en https://www.clo.nl/indicatoren/nl1398-invasieve-plantensoorten
Ring - MUS,Citizens report on the color-rings they see on birds.,Ecology,"Vogeltrekstation, Vogelbescherming Nederland and NIOO-KNAW",The Netherlands,,,2011.0,ongoing,,Probably viewable,Yes,https://vogeltrekstation.nl/nl/onderzoek/monitoringsprojecten/ring-mus%20,https://euring.org/data-and-codes/obtaining-data
